{
    "baseline": {
        "n_examples": 50,
        "mean_cosine": 0.9983899818056043,
        "median_cosine": 0.9983183986211934,
        "cosine_values": [
            1.0004746586528581,
            0.9981916041620912,
            0.9985629869488518,
            0.9984488948356168,
            0.9984572075921305,
            0.9989245444881228,
            0.9990153559599597,
            0.9980055975951073,
            0.9983183986211934,
            0.998575937590363,
            0.9978919248057395,
            0.9982711355001141,
            0.9984360919433412,
            0.9983506391850439,
            0.9985519178440824,
            0.9980083354117667,
            0.9978451924332639,
            0.9983620053978239,
            0.9985098909272015,
            0.9981312099292695,
            0.9978774236160359,
            0.9983152161423378,
            0.9978874855473125,
            0.998155524887829,
            0.9990641098293612,
            0.9974113173649397,
            0.9978589055629978,
            0.9983737291167136,
            0.9979233852567913,
            0.9980219263030371,
            0.9986977968905895,
            0.9980331866338027,
            0.9989364538348109,
            0.9987871952270483,
            0.9985735842377929,
            0.9975321448072226,
            1.0007103830902837,
            0.9981845700889832,
            0.9978851840705192,
            0.9980324651977095,
            0.9992889532384256,
            0.9986835368917039,
            0.9978589198124018,
            0.9984136619423503,
            0.9983035358653718,
            0.998229496594667,
            0.9979299603163194,
            0.998508247053264,
            0.9984375006210647,
            0.9982497604145868
        ]
    },
    "all": {
        "n_examples": 50,
        "mean_cosine": 1.001021708121395,
        "median_cosine": 1.000995867177508,
        "cosine_values": [
            1.001126110320978,
            1.0013617924252156,
            1.0014261326859606,
            1.0011166234097333,
            1.000831212742428,
            1.0012013491099627,
            1.0012242317885918,
            1.0008387540542378,
            1.000995867177508,
            1.0010231458652286,
            1.0008208188451648,
            1.0008732664860116,
            1.001121252210509,
            1.0008376676914592,
            1.0011072749353283,
            1.0008902698333628,
            1.0008067203124127,
            1.0010129843884201,
            1.0011070124438517,
            1.0008725584280551,
            1.0007519737580084,
            1.001165001696931,
            1.0009706016328532,
            1.0007765829206117,
            1.0011229467347094,
            1.0009458922582581,
            1.0007470197577695,
            1.001002163332681,
            1.0008658239855526,
            1.0009390237645874,
            1.0014873897216021,
            1.0008444028579122,
            1.0011491114449795,
            1.0009032126693491,
            1.001071150126911,
            1.0010225412264095,
            1.001417457550292,
            1.000963299112416,
            1.0007841829814588,
            1.0009076054976462,
            1.0014358175587248,
            1.0010618744497795,
            1.0009027455198345,
            1.0008867953448606,
            1.0011161583619541,
            1.0009485592325602,
            1.0008312670148023,
            1.0014456797733051,
            1.0011484522034768,
            1.0008756284250877
        ]
    },
    "single": {
        "n_examples": 50,
        "mean_cosine": 1.0002078677242687,
        "median_cosine": 1.0003248175201829,
        "cosine_values": [
            1.0012966695607408,
            1.000103343839225,
            0.9999233564711876,
            1.0002473196517985,
            1.0004615071838339,
            1.0004170281778426,
            1.0005231999824498,
            0.9999385328680236,
            0.9993666389121864,
            1.0004983952620865,
            0.9996361196334393,
            1.0002972272325044,
            0.9998357787284399,
            1.0003707554116446,
            1.0005187296127922,
            1.0006374132667701,
            1.0003607229866571,
            0.9993951207563999,
            1.0003447132893524,
            0.9999924665673176,
            1.000682007786914,
            0.998729496980524,
            0.9995977356928712,
            1.000142017866794,
            1.0008510958772285,
            0.9992787993534592,
            0.9997516535656485,
            0.9997612182121269,
            0.999779284896732,
            1.000118051886281,
            1.0005012411194747,
            1.0006856052148703,
            1.000818085416203,
            1.000688537510733,
            1.0003248175201829,
            0.9991679551654776,
            1.0012310143864582,
            1.0007210501011778,
            0.9997507993243655,
            0.9998365251655619,
            1.0006110076153945,
            1.0007304069534193,
            0.9999636247862385,
            1.0003502222998448,
            1.0008760670946246,
            1.000226862625477,
            0.9997331208277699,
            1.0003220470384482,
            1.0004339588402231,
            1.0005640356942267
        ]
    },
    "negative": {
        "n_examples": 50,
        "mean_cosine": 0.9999771807868507,
        "median_cosine": 1.0002126082112806,
        "cosine_values": [
            1.0013126149355185,
            0.9990436055190193,
            0.9990040033613413,
            0.9992815204713489,
            1.0002126082112806,
            1.00073332299092,
            1.0006269764656224,
            0.9993378773512557,
            0.9988543184249732,
            0.9999095131324234,
            1.0004069268543563,
            1.0001632429235148,
            1.0006624213303754,
            1.0004666930231643,
            0.999927098573176,
            1.0006156385765363,
            1.0008206470818852,
            0.999611265917798,
            1.000280016249256,
            1.0001414313594703,
            1.0000432110631534,
            0.9979094740509825,
            0.9997673305989384,
            0.9998413920059549,
            1.001074917204901,
            0.9981575156257297,
            0.9989179347601486,
            0.9989217953089126,
            0.9984569294030909,
            0.9992982157504755,
            1.0004381361229375,
            1.0007548233452472,
            1.0008163825718583,
            1.0003731538814573,
            1.0007853655013736,
            0.9991402656934382,
            1.001150502976592,
            1.0005740714573765,
            0.9982959152640578,
            1.0001918930481544,
            1.0004171927468704,
            1.0006286915766254,
            1.0003675722710597,
            1.0003573827194436,
            1.0009534582268433,
            0.9992501617544042,
            0.9992781779427029,
            0.9993397214338265,
            1.0009909302085036,
            1.000954782074237
        ]
    },
    "layer": {
        "n_examples": 50,
        "mean_cosine": 1.0012610422099233,
        "median_cosine": 1.001239033779255,